X,Y
ACCCTATACCTGCTATTCGGTGCCTGAGCAGGAATAGTAGGAACCGCTTTAAGCTTGCTAATCCGAGCAGAGCTCGGCCAACCAGGAGCCCTCTTAGGAGATGATCAGATCTACAACGTAATTGTAACCGCCCATGCATTCGTAATAATCTTCTTCATGGTGATGCCAATTATAATTGGAGGATTCGGAAACTGATTAATTCCACTTATGATTGGAGCCCCAGATATGGCATTCCCTCGAATGAACAACATAAGTTTCTGGCTTCTGCCACCATCCTTTCTACTTCTACTAGCATCCTCAACAGTAGAGGCCGGAGCTGGTACAGGATGAACAGTCTATCCCCCACTAGCCGGGAACCTAGCCCACGCAGGAGCTTCAGTAGACCTAGCTATTTTCTCACTTCACCTGGCAGGTATCTCTTCTATTCTAGGAGCCATTAATTTTATTACTACTATTATTAATATAAAACCCCCAGCATTATCCCAATATCAAACCCCTTTATTTGTATGGTCCGTGCTAATCACAGCCGTACTACTTCTACTATCCCTACCAGTCCTAGCCGCAGGGATTACTATATTGTTAACAGACCGCAACCTAAACACCACCTTTTTCGACCCGGCAGGAGGAGGAGACCCAATTCTCTATCAACACCTGTTT,Aethalops
ACTCTATACCTGCTATTTGGTGCCTGAGCAGGAATAGTAGGAACCGCTTTAAGCTTGCTAATCCGAGCAGAGCTCGGCCAACCAGGAGCCCTCTTAGGAGATGATCAGATCTACAACGTAATTGTAACCGCTCATGCATTCGTAATAATCTTCTTCATAGTGATACCAATTATAATTGGAGGATTCGGAAACTGATTAATTCCACTTATGATTGGAGCCCCAGATATGGCATTCCCTCGAATGAACAACATAAGTTTCTGGCTTCTGCCACCATCCTTTCTGCTTCTACTAGCATCCTCAACAGTAGAGGCCGGAGCTGGTACAGGATGAACAGTCTATCCCCCACTAGCCGGGAACCTAGCCCACGCAGGAGCTTCAGTAGACCTAGCTATTTTCTCACTTCACCTGGCAGGTATCTCTTCTATCCTAGGAGCCATTAATTTTATTACTACTATTATTAATATAAAACCCCCAGCATTATCCCAATATCAAACCCCTTTATTTGTATGGTCCGTGCTAATCACAGCCGTACTACTTCTACTATCCCTACCAGTCCTAGCCGCAGGGATTACTATACTATTAACAGACCGCAACCTAAACACCACCTTTTTCGACCCGGCAGGAGGAGGAGACCCAATTCTCTATCAACACCTGTTT,Aethalops
ACTCTATACCTGTTATTTGGTGCCTGAGCAGGAATAGTAGGAACCGCTTTAAGCTTGCTAATCCGAGCAGAGCTCGGCCAACCAGGAGCCCTCTTAGGAGATGATCAGATCTACAACGTAATTGTAACCGCTCATGCATTCGTAATAATCTTCTTCATAGTGATACCAATTATAATTGGAGGATTCGGAAACTGATTAATTCCACTTATGATTGGAGCCCCAGATATGGCATTCCCTCGAATGAACAACATAAGTTTCTGGCTTCTGCCACCATCCTTTCTGCTTCTACTAGCATCCTCAACAGTAGAGGCCGGAGCTGGTACAGGATGAACAGTCTATCCCCCACTAGCCGGGAACCTAGCCCACGCAGGAGCTTCAGTAGACCTAGCTATTTTCTCACTTCACCTGGCAGGTATCTCTTCTATTCTAGGAGCCATTAATTTTATTACTACTATTATTAATATAAAACCCCCAGCATTATCCCAATATCAAACCCCTTTATTTGTATGGTCCGTGCTAATCACAGCCGTACTACTTCTACTATCCCTACCAGTCCTAGCCGCAGGGATTACTATACTATTAACAGACCGCAACCTAAACACCACCTTTTTCGACCCGGCAGGAGGAGGAGACCCAATTCTCTATCAACACCTGTTT,Aethalops
ACCCTATACCTGCTATTCGGTGCCTGAGCAGGAATAGTAGGAACCGCTTTAAGCTTGCTAATCCGAGCAGAGCTCGGCCAACCAGGAGCCCTCTTAGGAGATGATCAAATCTACAACGTAATTGTAACCGCCCATGCATTCGTAATAATCTTCTTCATGGTGATGCCAATTATAATTGGAGGATTCGGAAACTGATTAATTCCACTTATGATTGGAGCCCCAGATATGGCATTCCCTCGAATGAACAACATAAGTTTCTGGCTTCTGCCACCATCCTTTCTACTTCTACTAGCATCCTCAACAGTAGAGGCCGGAGCTGGTACAGGATGAACAGTCTATCCCCCACTAGCCGGGAACCTAGCCCACGCAGGAGCTTCAGTAGACCTAGCTATTTTCTCACTTCACCTGGCAGGTATCTCTTCTATTCTAGGAGCCATTAATTTTATTACTACTATTATTAATATAAAACCCCCAGCATTATCCCAATATCAAACCCCTTTATTTGTATGGTCCGTGCTAATCACAGCCGTACTACTTCTACTATCCCTACCAGTCCTAGCCGCAGGGATTACTATACTGTTAACAGACCGCAACCTAAACACCACCTTTTTCGACCCGGCAGGAGGAGGAGACCCAATTCTCTATCAACACCTGTTT,Aethalops
ACCCTATACCTGCTATTCGGTGCCTGAGCAGGAATAGTAGGAACCGCTTTAAGCTTGCTAATCCGAGCAGAGCTCGGCCAACCAGGAGCCCTCTTAGGAGATGATCAGATCTATAACGTAATTGTAACCGCCCATGCATTCGTAATAATCTTCTTCATGGTGATGCCAATTATAATTGGAGGATTCGGAAACTGATTAATTCCACTTATGATTGGAGCCCCAGATATGGCATTCCCTCGAATGAACAACATAAGTTTCTGGCTTCTGCCACCATCCTTTCTACTTCTACTAGCATCCTCAACAGTAGAGGCCGGAGCTGGTACAGGATGAACAGTCTATCCCCCACTAGCCGGGAACCTAGCCCACGCAGGAGCTTCAGTAGACCTAGCTATTTTCTCACTTCACCTGGCAGGTATCTCTTCTATTCTAGGAGCCATTAATTTTATTACTACTATTATTAATATAAAACCCCCAGCATTATCCCAATATCAAACCCCTTTATTTGTATGGTCCGTGCTAATCACAGCCGTACTACTTCTACTATCCCTACCAGTCCTAGCCGCAGGGATTACTATACTGTTAACAGACCGCAACCTAAACACCACCTTTTTCGACCCGGCAGGAGGAGGAGACCCAATTCTCTATCAACACCTGTTT,Aethalops
ACCCTATACCTGCTATTCGGTGCCTGAGCAGGAATAGTAGGAACCGCTTTAAGCTTGCTAATCCGAGCAGAGCTCGGCCAACCAGGAGCCCTCTTAGGAGATGATCAGATCTACAACGTAATTGTAACCGCCCATGCATTCGTAATAATCTTCTTCATGGTGATGCCAATTATAATTGGAGGATTCGGAAACTGATTAATTCCACTTATGATTGGAGCCCCAGATATGGCATTCCCTCGAATGAACAACATAAGTTTCTGGCTTCTGCCACCATCCTTTCTACTTCTACTAGCATCCTCAACAGTAGAGGCCGGAGCTGGTACAGGATGAACAGTCTATCCCCCACTAGCCGGGAACCTAGCCCACGCAGGAGCTTCAGTAGACCTAGCTATTTTCTCACTTCACCTGGCAGGTATCTCTTCTATTCTAGGAGCCATTAATTTTATTACTACTATTATTAATATAAAACCCCCAGCATTATCCCAATATCAAACCCCTTTATTTGTATGGTCCGTGCTAATCACAGCCGTACTACTTCTACTATCCCTACCAGTCCTAGCCGCAGGGATTACTATACTGTTAACAGACCGCAACCTAAACACCACCTTTTTCGACCCGGCAGGAGGAGGAGACCCAATTCTCTATCAACACCTGTTT,Aethalops
ACCCTATACCTGCTATTCGGTGCCTGAGCAGGTATAGTAGGAACCGCTTTAAGCTTGCTAATCCGAGCAGAGCTCGGCCAACCAGGAGCCCTCTTAGGAGATGATCAGATCTACAACGTAATTGTAACCGCCCATGCATTCGTAATAATCTTCTTCATGGTGATGCCAATTATAATTGGAGGATTCGGAAACTGATTAATTCCACTTATGATTGGAGCCCCAGATATGGCATTCCCTCGAATGAACAACATAAGTTTCTGGCTTCTGCCACCATCCTTTCTACTTCTACTAGCATCCTCAACAGTAGAGGCCGGAGCTGGTACAGGATGAACAGTCTATCCCCCACTAGCCGGGAACCTAGCCCACGCAGGAGCTTCAGTAGACCTAGCTATTTTCTCACTTCACCTGGCAGGTATCTCTTCTATTCTAGGAGCCATTAATTTTATTACTACTATTATTAATATAAAACCCCCAGCATTATCCCAATATCAAACCCCTTTATTTGTATGGTCCGTGCTAATCACAGCCGTACTACTTCTACTATCCCTACCAGTCCTAGCCGCAGGGATTACTATACTGTTAACAGACCGCAACCTAAACACCACCTTTTTCGACCCGGCAGGAGGAGGAGACCCAATTCTCTATCAACACCTGTTT,Aethalops
ACATTGTACTTACTATTTGGCGCTTGAGCAGGAATAGTAGGTACCGCACTAAGCCTACTTATTCGTGCAGAACTTGGACAACCTGGGGCTCTATTAGGCGACGACCAAATCTATAATGTTATCGTTACAGCCCACGCTTTCGTAATGATTTTCTTTATAGTAATGCCCATCATGATTGGAGGGTTCGGCAACTGACTTGTACCACTAATAATCGGCGCACCTGACATAGCATTCCCACGAATAAATAACATAAGCTTCTGACTTCTCCCACCCTCTTTCCTACTTCTACTGGCCTCCTCAACAGTTGAAGCTGGTGTTGGGACTGGTTGAACCGTATATCCACCACTAGCAGGAAATCTCGCACATGCTGGTGCTTCAGTCGACTTAGCTATCTTCTCCCTACACTTAGCAGGAGTCTCATCTATCCTCGGAGCTATCAATTTTATTACCACAATTATTAACATAAAACCACCAGCTCTTTCTCAATATCAAACACCTTTATTTGTCTGATCTGTCCTAATTACTGCTGTCTTATTACTCTTATCACTCCCAGTACTAGCAGCAGGCATTACTATACTTTTAACAGACCGAAACCTTAACACCACATTCTTTGATCCAGCCGGAGGAGGGGACCCCATCTTATATCAACACTTATTT,Ametrida
ACATTGTACTTACTATTTGGTGCTTGAGCAGGAATAGTAGGTACCGCACTAAGCCTACTTATTCGTGCAGAACTTGGACAACCTGGGGCTCTATTAGGTGATGACCAAATCTATAATGTTATCGTTACAGCCCACGCTTTCGTAATGATTTTCTTTATAGTAATACCCATCATGATTGGAGGGTTCGGCAACTGACTTGTACCACTAATAATTGGCGCACCTGACATAGCATTCCCACGAATAAATAACATAAGCTTCTGACTTCTCCCACCCTCTTTCCTGCTTCTACTGGCCTCCTCAACAGTCGAAGCTGGTGTTGGGACTGGTTGAACCGTATACCCACCACTAGCAGGAAATCTCGCACATGCTGGTGCTTCAGTCGACTTAGCTATCTTCTCCCTACACTTAGCAGGAATCTCATCTATCCTCGGAGCTATCAATTTTATTACCACAATTATTAACATAAAACCACCAGCTCTTTCTCAATATCAAACACCTTTATTTGTCTGATCCGTCCTAATTACTGCTGTCTTATTACTCTTATCACTCCCAGTACTAGCAGCAGGCATTACTATACTTTTAACAGACCGAAACCTTAACACCACATTCTTTGATCCAGCCGGAGGAGGGGACCCCATTTTATATCAACACTTATTT,Ametrida
ACATTGTACTTACTATTTGGTGCTTGAGCAGGAATAGTAGGTACCGCACTAAGCCTACTTATTCGTGCAGAACTTGGACAACCTGGGGCTCTATTAGGCGACGACCAAATCTATAATGTTATCGTTACAGCCCACGCTTTCGTAATGATTTTCTTTATAGTAATGCCCATCATGATTGGAGGGTTCGGCAACTGACTTGTACCACTAATAATTGGCGCACCTGACATAGCATTCCCACGAATAAATAACATAAGCTTCTGACTTCTCCCACCCTCTTTCCTACTTCTACTGGCCTCCTCAACAGTTGAAGCTGGTGTCGGGACTGGTTGAACAGTATATCCACCACTAGCAGGAAATCTCGCACATGCTGGTGCTTCAGTCGACTTAGCTATCTTCTCCCTACACTTAGCAGGAATCTCATCTATCCTCGGAGCTATTAATTTTATTACCACAATTATTAACATAAAACCACCAGCTCTTTCTCAATATCAAACACCTTTATTTGTCTGATCCGTCCTAATTACTGCTGTCTTATTACTCTTATCACTCCCAGTACTAGCAGCAGGCATTACTATACTTTTAACAGACCGAAACCTTAACACCACATTCTTTGATCCAGCCGGAGGAGGGGACCCCATTTTATACCAACACTTATTT,Ametrida
ACATTGTACTTACTATTTGGCGCTTGAGCAGGAATAGTAGGTACCGCACTAAGCCTACTTATTCGTGCAGAACTTGGACAACCTGGGGCTCTATTAGGTGATGATCAAATCTATAATGTTATCGTTACAGCCCACGCTTTCGTAATGATTTTCTTTATAGTAATGCCCATCATGATTGGAGGGTTCGGCAACTGACTTGTACCACTAATAATCGGCGCACCTGACATAGCATTCCCACGAATAAATAACATAAGCTTCTGACTTCTCCCACCCTCTTTCCTACTTCTACTGGCCTCCTCAACAGTTGAAGCTGGTGTTGGGACTGGTTGAACCGTATATCCACCACTAGCAGGAAATCTCGCACATGCTGGTGCTTCAGTCGACTTAGCTATCTTCTCCCTACACTTAGCAGGAGTCTCATCTATCCTCGGAGCTATCAATTTTATTACCACAATTATTAACATAAAACCACCAGCTCTTTCTCAATATCAAACACCTTTATTTGTCTGATCTGTCCTAATTACTGCTGTCTTATTACTCTTATCACTCCCAGTACTAGCAGCAGGCATTACTATACTTTTAACAGACCGAAACCTTAACACCACATTCTTTGATCCAGCCGGAGGAGGGGACCCCATCTTATATCAACACTTATTT,Ametrida
ACATTGTACTTACTATTTGGTGCTTGAGCAGGAATAGTAGGTACCGCACTAAGCCTACTTATTCGTGCAGAACTTGGACAACCTGGGGCTCTATTAGGTGATGACCAAATCTATAATGTTATCGTTACAGCCCACGCTTTCGTAATGATTTTCTTTATAGTAATGCCCATCATGATTGGAGGGTTCGGCAACTGACTTGTACCACTAATAATTGGCGCACCTGACATAGCATTCCCACGAATAAATAACATAAGCTTCTGACTTCTCCCACCCTCTTTCCTACTTCTACTGGCCTCCTCAACAGTCGAAGCTGGTGTTGGGACTGGTTGAACCGTATATCCACCACTAGCAGGAAATCTCGCACATGCTGGTGCTTCAGTCGACTTAGCTATCTTCTCCCTACACTTAGCAGGAGTCTCATCTATCCTCGGAGCTATCAATTTTATTACCACAATTATTAACATAAAACCACCAGCTCTTTCTCAATATCAAACACCTTTATTTGTCTGATCCGTCCTAATTACTGCTGTCTTATTACTCTTATCACTCCCAGTACTAGCAGCAGGCATTACTATACTTTTAACAGACCGAAACCTTAACACCACATTCTTTGATCCAGCCGGAGGAGGGGACCCCATTTTATATCAACACTTATTT,Ametrida
ACATTGTACTTACTATTTGGTGCTTGAGCAGGAATAGTAGGTACCGCACTAAGCCTACTTATTCGTGCAGAACTTGGACAACCTGGGGCTCTATTAGGTGATGACCAAATCTATAATGTTATCGTTACAGCCCACGCTTTCGTAATGATTTTCTTTATAGTAATGCCCATCATGATTGGAGGGTTCGGCAACTGACTTGTACCACTAATAATTGGCGCACCTGACATAGCATTCCCACGAATAAATAACATAAGCTTCTGACTTCTCCCACCCTCTTTCCTACTTCTACTGGCCTCCTCAACAGTCGAAGCTGGTGTTGGGACTGGTTGAACCGTATATCCACCACTAGCAGGAAATCTCGCACATGCTGGTGCTTCAGTCGACTTAGCTATCTTCTCCCTACACTTAGCAGGAGTCTCATCTATCCTCGGAGCTATCAATTTTATTACCACAATTATTAACATAAAACCACCAGCTCTTTCTCAATATCAAACACCTTTATTTGTCTGATCCGTCCTAATTACTGCTGTCTTATTACTCTTATCACTCCCAGTACTAGCAGCAGGCATTACTATACTTTTAACAGACCGAAACCTTAACACCACATTCTTTGATCCAGCCGGAGGAGGGGACCCCATTTTATATCAACACTTATTT,Ametrida
ACATTGTACTTACTATTTGGTGCTTGAGCAGGAATAGTAGGTACCGCACTAAGCCTACTTATTCGTGCAGAACTTGGACAACCTGGGGCTCTATTAGGTGATGACCAAATCTATAATGTTATCGTTACAGCCCACGCTTTCGTAATGATTTTCTTTATAGTAATGCCCATCATGATTGGAGGGTTCGGCAACTGACTTGTACCGCTAATAATTGGCGCACCTGACATAGCATTCCCACGAATAAATAACATAAGCTTCTGACTTCTCCCACCCTCTTTCCTACTTCTACTGGCCTCCTCAACAGTTGAAGCTGGTGTTGGGACTGGTTGAACCGTATATCCACCACTAGCAGGAAATCTCGCACATGCTGGTGCTTCAGTCGACTTAGCTATCTTCTCCCTACACTTAGCAGGAGTCTCATCTATCCTCGGAGCTATCAATTTTATTACCACAATTATTAACATAAAACCACCAGCTCTTTCTCAATATCAAACACCTTTATTTGTCTGATCCGTCCTAATTACTGCTGTCTTATTACTCTTATCACTCCCAGTACTAGCAGCAGGCATTACTATACTTTTAACAGACCGAAACCTTAACACCACATTCTTTGATCCAGCCGGAGGAGGAGACCCCATTTTATATCAACACTTATTT,Ametrida
ACATTGTACTTACTATTTGGCGCTTGAGCAGGAATAGTAGGTACCGCACTAAGCCTACTTATTCGTGCAGAACTTGGACAACCTGGGGCTCTATTAGGTGATGACCAAATCTATAATGTTATCGTTACAGCCCACGCTTTCGTAATGATTTTCTTTATAGTAATGCCCATCATGATTGGAGGGTTCGGCAACTGACTTGTACCACTAATAATCGGCGCACCTGACATAGCATTCCCACGAATAAATAACATAAGCTTCTGACTTCTCCCACCCTCTTTCCTACTTCTACTGGCCTCCTCAACAGTTGAAGCTGGTGTTGGGACTGGTTGAACCGTATATCCACCACTAGCAGGAAATCTCGCACATGCTGGTGCTTCAGTCGACTTAGCTATCTTCTCCCTACACTTAGCAGGAGTCTCATCTATCCTCGGAGCTATCAATTTTATTACCACAATTATTAACATAAAACCACCAGCTCTTTCTCAATATCAAACACCTTTATTTGTCTGATCTGTCCTAATTACTGCTGTCTTATTACTCTTATCACTCCCAGTACTAGCAGCAGGCATTACTATACTTTTAACAGACCGAAACCTTAACACCACATTCTTTGATCCCGCCGGAGGAGGGGACCCCATCTTATATCAACACTTATTT,Ametrida
ACATTGTACTTACTATTTGGTGCTTGAGCAGGAATAGTAGGTACCGCACTAAGCCTACTTATTCGTGCAGAACTTGGACAACCTGGGGCTCTATTAGGTGATGACCAAATCTATAATGTTATCGTTACAGCCCACGCTTTCGTAATGATTTTCTTTATAGTAATACCCATCATGATTGGGGGGTTCGGCAACTGACTTGTACCACTAATAATTGGCGCACCTGACATAGCATTCCCACGAATAAATAACATAAGCTTCTGACTTCTCCCACCCTCTTTCCTACTTCTACTGGCCTCCTCAACAGTCGAAGCTGGTGTTGGGACTGGTTGAACCGTATATCCACCACTAGCAGGAAATCTCGCACATGCTGGTGCTTCAGTCGACTTAGCTATCTTCTCCCTACACTTAGCAGGAGTCTCATCTATCCTCGGAGCTATCAATTTTATTACCACAATTATTAACATAAAACCACCAGCTCTTTCTCAATATCAAACACCTTTATTTGTCTGATCCGTCCTAATTACTGCTGTCTTATTACTCTTATCACTCCCAGTACTAGCAGCAGGCATTACTATACTTTTAACAGACCGAAACCTTAACACCACATTCTTTGATCCAGCCGGAGGAGGGGACCCCATTTTATATCAACACTTATTT,Ametrida
ACATTGTACTTACTATTTGGTGCTTGAGCAGGAATAGTAGGTACCGCACTAAGCCTACTTATTCGTGCAGAACTTGGACAACCTGGGGCTCTATTAGGTGATGACCAAATCTATAATGTTATCGTTACAGCCCACGCTTTCGTAATGATTTTCTTTATAGTAATACCCATCATGATTGGAGGGTTCGGCAACTGACTTGTACCACTAATAATTGGCGCACCTGACATAGCATTCCCACGAATAAATAACATAAGCTTCTGACTTCTCCCACCCTCTTTCCTGCTTCTACTGGCCTCCTCAACAGTCGAAGCTGGTGTTGGGACTGGTTGAACCGTATACCCACCACTAGCAGGAAATCTCGCACATGCTGGTGCTTCAGTCGACTTAGCTATCTTCTCCCTACACTTAGCAGGAGTCTCATCTATCCTCGGAGCTATCAACTTTATTACCACAATTATTAACATAAAACCACCAGCTCTTTCTCAATATCAAACACCTTTATTTGTCTGATCCGTCCTAATTACTGCTGTCTTATTACTCTTATCACTCCCAGTACTAGCAGCAGGCATTACCATACTTTTAACAGACCGAAACCTTAACACCACATTCTTTGATCCAGCCGGAGGAGGGGACCCCATTTTATATCAACACTTATTT,Ametrida
ACATTGTACTTACTATTTGGTGCTTGAGCAGGAATAGTAGGTACCGCACTAAGCCTACTTATTCGTGCAGAACTTGGACAACCTGGGGCTCTATTAGGTGACGACCAAATCTATAATGTTATCGTTACAGCCCACGCTTTCGTAATGATTTTCTTTATAGTAATGCCCATCATGATTGGAGGGTTCGGCAACTGACTTGTACCACTAATAATTGGCGCACCTGACATAGCATTCCCACGAATAAATAACATAAGCTTCTGACTTCTCCCTCCCTCTTTCCTACTTCTACTAGCCTCCTCAACAGTTGAAGCTGGTGTTGGGACTGGTTGAACCGTATATCCACCACTAGCAGGAAATCTCGCACATGCTGGTGCTTCAGTCGACTTAGCTATCTTCTCCCTACACTTAGCAGGAATCTCATCTATCCTCGGAGCTATCAATTTTATTACCACAATTATTAACATAAAACCACCAGCTCTTTCTCAATATCAAACACCTTTATTTGTCTGATCCGTCCTAATTACTGCTGTCTTATTACTCTTATCACTCCCAGTACTAGCAGCAGGCATTACTATACTTTTAACAGACCGAAACCTTAACACCACATTCTTTGACCCAGCCGGAGGAGGGGACCCCATTTTATATCAACACTTATTT,Ametrida
ACATTGTACTTACTATTTGGTGCTTGAGCAGGAATAGTAGGTACCGCACTAAGCCTACTTATTCGTGCAGAACTTGGACAACCTGGGGCTCTATTAGGTGATGACCAAATCTATAATGTTATCGTTACGGCCCACGCTTTCGTAATGATTTTCTTTATAGTAATGCCCATCATGATTGGAGGGTTCGGCAACTGACTTGTACCACTAATAATCGGCGCACCTGACATAGCATTCCCACGAATAAATAACATAAGCTTCTGACTTCTCCCACCCTCTTTCCTACTTCTACTGGCCTCCTCAACAGTTGAAGCTGGTGTTGGGACTGGTTGAACCGTATATCCACCACTAGCAGGAAATCTCGCACATGCTGGTGCTTCAGTCGACTTAGCTATCTTCTCCCTACACTTAGCAGGAGTCTCATCTATCCTCGGAGCTATCAATTTTATTACCACAATTATTAACATAAAACCACCAGCTCTTTCTCAATATCAAACACCTTTATTTGTCTGATCTGTCCTAATTACTGCTGTCTTATTACTCTTATCACTCCCAGTACTAGCAGCAGGCATTACTATACTTTTAACAGACCGAAACCTTAACACCACATTCTTTGATCCAGCCGGAGGAGGGGACCCCATCTTATATCAACACTTATTT,Ametrida
ACATTGTACTTACTATTTGGCGCTTGAGCAGGAATAGTAGGTACCGCACTAAGCCTACTTATTCGTGCAGAACTTGGACAACCTGGGGCTCTATTAGGTGATGACCAAATCTATAATGTTATCGTTACAGCCCACGCTTTCGTAATGATTTTCTTTATAGTAATGCCCATCATGATTGGAGGGTTCGGCAACTGACTTGTGCCACTAATAATTGGTGCACCTGACATAGCATTCCCACGAATAAATAACATAAGCTTCTGACTTCTCCCACCTTCTTTTCTACTTCTACTGGCCTCCTCAACAGTCGAAGCTGGTGTTGGGACTGGTTGAACCGTATATCCACCACTAGCAGGAAATCTCGCACATGCTGGTGCTTCAGTCGACTTAGCTATCTTCTCCCTACACTTAGCAGGAGTCTCATCTATCCTCGGAGCCATCAATTTTATTACCACAATTATTAACATAAAACCACCAGCTCTTTCTCAATATCAAACACCTTTATTTGTCTGATCCGTCCTAATCACTGCTGTCTTATTACTCTTATCACTCCCAGTACTAGCAGCAGGCATTACTATACTTTTAACAGACCGAAACCTTAACACCACATTCTTTGATCCAGCCGGAGGAGGGGACCCCATTTTATATCAACACTTATTT,Ametrida
ACATTGTACTTACTATTTGGCGCTTGAGCAGGAATAGTAGGTACTGCACTAAGCCTACTTATTCGTGCAGAACTTGGACAACCTGGGGCTCTATTAGGTGATGACCAAATCTATAATGTTATCGTTACAGCCCACGCTTTCGTAATGATTTTCTTTATAGTAATGCCCATCATGATTGGAGGGTTCGGCAACTGACTTGTACCACTAATAATCGGCGCACCTGACATAGCATTCCCACGAATAAATAACATAAGCTTCTGACTTCTCCCACCCTCTTTCCTACTTCTACTGGCCTCCTCAACAGTTGAAGCTGGTGTTGGGACTGGTTGAACCGTATATCCACCACTAGCAGGAAATCTCGCACATGCTGGTGCTTCAGTCGACTTAGCTATCTTCTCCCTACACTTAGCAGGAGTCTCATCTATCCTCGGAGCTATCAATTTTATTACCACAATTATTAACATAAAACCACCAGCTCTTTCTCAATATCAAACACCTTTATTTGTCTGATCTGTCCTAATTACTGCTGTCTTATTACTCTTATCACTCCCAGTACTAGCAGCAGGCATTACTATACTTTTAACAGACCGAAACCTTAACACCACATTCTTTGATCCAGCCGGAGGAGGGGACCCCATCTTATATCAACACTTATTT,Ametrida
ACATTGTACTTACTATTTGGCGCTTGAGCAGGAATAGTAGGTACCGCACTAAGCCTACTTATTCGTGCAGAACTTGGACAACCTGGGGCTCTATTAGGTGATGACCAAATCTATAATGTTATCGTTACAGCCCACGCTTTCGTAATGATTTTCTTTATAGTAATGCCCATCATGATTGGAGGGTTCGGCAACTGACTTGTACCACTAATAATCGGCGCACCTGACATAGCATTCCCACGAATAAATAACATAAGCTTCTGACTTCTCCCACCCTCTTTCCTACTTCTACTGGCCTCCTCAACAGTTGAGGCTGGTGTTGGGACTGGTTGAACTGTATATCCACCACTAGCAGGAAATCTCGCACATGCTGGTGCTTCAGTCGACTTAGCTATCTTCTCCCTACACTTAGCAGGAGTCTCATCTATCCTCGGAGCTATCAATTTTATTACCACAATTATTAACATAAAACCACCAGCTCTTTCTCAATACCAAACACCTTTATTTGTCTGATCTGTCCTAATTACTGCTGTCTTATTACTCTTATCACTCCCAGTACTAGCAGCAGGCATTACTATACTTTTAACAGACCGAAACCTTAACACCACATTCTTTGATCCAGCCGGAGGAGGGGACCCCATCTTATATCAACACTTATTT,Ametrida
ACATTGTACTTACTATTTGGTGCTTGAGCAGGAATAGTAGGTACCGCACTAAGCCTACTTATTCGTGCAGAACTTGGACAACCTGGGGCTCTATTAGGTGATGACCAAATCTATAATGTTATCGTTACAGCCCACGCTTTCGTAATGATTTTCTTTATAGTAATGCCCATCATAATTGGAGGATTCGGCAACTGACTTGTACCACTAATAATTGGCGCACCTGACATAGCATTCCCACGAATAAATAACATAAGCTTCTGACTTCTCCCACCCTCTTTCCTACTTCTACTGGCCTCCTCAACAGTCGAAGCTGGTGTTGGGACTGGTTGAACCGTATATCCACCACTAGCAGGAAATCTCGCACATGCTGGTGCTTCAGTCGACTTAGCTATCTTCTCCCTACACTTAGCAGGAGTCTCATCTATCCTCGGAGCTATCAATTTTATTACCACAATTATTAACATAAAACCACCAGCTCTTTCTCAATATCAAACACCTTTATTTGTCTGATCCGTCCTAATTACTGCTGTCTTATTACTCTTATCACTCCCAGTACTAGCAGCAGGCATTACTATACTTTTAACAGACCGAAACCTTAACACCACATTCTTTGATCCAGCCGGAGGAGGGGACCCCATTTTATATCAACACTTATTT,Ametrida
ACATTGTACTTACTATTTGGCGCTTGAGCAGGAATAGTAGGTACCGCACTAAGCCTACTTATTCGTGCAGAACTTGGACAACCTGGGGCTCTATTAGGTGATGACCAAATCTATAATGTTATCGTTACAGCCCACGCTTTCGTAATGATTTTCTTTATAGTAATGCCCATCATGATTGGAGGGTTCGGCAACTGACTTGTACCACTAATAATCGGCGCACCTGACATAGCATTCCCACGAATAAATAACATAAGCTTCTGACTTCTCCCACCCTCTTTCCTACTTCTACTGGCCTCCTCAACAGTTGAAGCTGGTGTTGGGACTGGTTGAACCGTATATCCACCACTAGCAGGAAATCTCGCACATGCTGGTGCTTCAGTCGACTTAGCTATCTTCTCCCTACACTTAGCAGGAGTCTCATCTATCCTCGGAGCTATCAATTTTATTACCACAATTATTAACATAAAACCACCAGCTCTTTCTCAATATCAAACACCTTTATTTGTCTGATCTATCCTAATTACTGCTGTCTTATTACTCTTATCACTCCCAGTACTAGCAGCAGGCATTACTATACTTTTAACAGACCGAAACCTTAACACCACATTCTTTGATCCCGCCGGAGGAGGGGACCCCATCTTATATCAACACTTATTT,Ametrida
ACATTGTACTTACTATTTGGCGCTTGAGCAGGAATAGTAGGTACCGCACTAAGCCTACTTATTCGTGCAGAACTTGGACAACCTGGGGCTCTATTAGGTGACGACCAAATCTATAATGTTATCGTTACAGCCCACGCTTTCGTAATGATTTTCTTTATAGTAATACCCATCATGATTGGAGGGTTCGGCAACTGACTTGTACCACTAATAATCGGCGCACCTGACATAGCATTCCCACGAATAAATAACATAAGCTTCTGACTTCTCCCACCCTCTTTCCTACTTCTACTGGCCTCCTCAACAGTTGAAGCTGGTGTTGGGACTGGTTGAACCGTATATCCACCACTAGCAGGAAATCTCGCACATGCTGGTGCTTCAGTCGACTTAGCTATCTTCTCCCTACACTTAGCAGGAGTCTCATCTATCCTCGGAGCTATCAATTTTATTACCACAATTATTAACATAAAACCACCAGCTCTTTCTCAATATCAAACACCTTTATTTGTCTGATCTGTCCTAATTACTGCTGTCTTATTACTCTTATCACTCCCAGTACTAGCAGCAGGCATTACTATACTTTTAACAGACCGAAACCTTAACACCACATTCTTTGATCCAGCCGGAGGAGGGGACCCCATCTTATATCAACACTTATTT,Ametrida
ACATTGTACTTACTATTTGGCGCTTGAGCAGGAATAGTAGGTACCGCACTAAGCCTACTTATTCGTGCAGAACTTGGACAACCTGGGGCTCTATTAGGTGACGACCAAACCTATAATGTTATCGTTACAGCCCACGCTTTCGTAATGATTTTCTTTATAGTAATGCCCATCATGATTGGAGGGTTCGGCAACTGACTTGTACCACTAATAATCGGCGCACCTGACATAGCATTCCCACGAATAAATAACATAAGCTTCTGACTTCTCCCACCCTCTTTCCTACTTCTACTGGCCTCCTCAACAGTTGAAGCTGGTGTTGGGACTGGTTGAACCGTATATCCACCACTAGCAGGAAATCTCGCACATGCTGGCGCTTCAGTCGACTTAGCTATCTTCTCCCTACACTTAGCAGGAGTCTCATCTATCCTCGGAGCTATCAATTTTATTACCACAATTATTAACATAAAACCACCAGCTCTTTCTCAATATCAAACACCTTTATTTGTCTGATCTGTCCTAATTACTGCTGTCTTATTACTCTTATCACTCCCAGTACTAGCAGCAGGCATTACTATACTTTTAACAGACCGAAACCTTAACACCACATTCTTTGATCCAGCCGGAGGAGGGGACCCCATCTTATATCAACACTTATTT,Ametrida
ACATTGTACTTACTATTTGGTGCTTGAGCAGGAATAGTAGGTACCGCACTAAGCCTACTTATTCGTGCAGAACTTGGACAACCTGGGGCTCTATTAGGTGATGACCAAATCTATAATGTTATCGTTACAGCCCACGCTTTCGTAATGATTTTCTTTATAGTAATACCCATCATGATTGGGGGGTTCGGCAACTGACTTGTACCACTAATAATTGGCGCACCTGACATAGCATTCCCACGAATAAATAACATAAGCTTCTGACTTCTCCCACCCTCTTTCCTACTTCTACTGGCCTCCTCAACAGTCGAAGCTGGTGTTGGGACTGGTTGAACCGTATATCCACCACTAGCAGGAAATCTCGCACATGCTGGTGCTTCAGTCGACTTAGCTATCTTCTCCCTACACTTAGCAGGAGTCTCATCTATCCTCGGAGCTATCAATTTTATTACCACAATTATTAACATAAAACCACCAGCTCTTTCTCAATATCAAACACCTTTATTTGTCTGATCCGTCCTAATTACTGCTGTCTTATTACTCTTATCACTCCCAGTACTAGCAGCAGGCATTACTATACTTTTAACAGACCGAAACCTTAACACCACATTCTTTGATCCAGCCGGAGGAGGGGACCCCATTTTATATCAACACTTATTT,Ametrida
ACATTGTACTTACTATTTGGCGCTTGAGCAGGAATAGTAGGTACCGCACTAAGCCTACTTATTCGTGCAGAACTTGGACAACCTGGGGCTCTATTAGGTGATGACCAAATCTATAATGTTATCGTTACAGCCCACGCTTTCGTAATGATTTTCTTTATAGTAATGCCCATCATGATTGGAGGGTTCGGCAACTGACTTGTACCACTAATAATCGGCGCACCTGACATAGCATTCCCACGAATAAATAACATAAGCTTCTGACTTCTCCCACCCTCTTTCCTACTTCTACTGGCCTCCTCAACAGTTGAAGCTGGTGTTGGGACCGGTTGAACCGTATATCCACCACTAGCAGGAAATCTCGCACATGCTGGTGCTTCAGTCGACTTAGCTATCTTCTCCCTACACTTAGCAGGAGTCTCATCTATCCTCGGAGCTATCAATTTTATTACCACAATTATTAACATAAAACCACCAGCTCTTTCTCAATATCAAACACCTTTATTTGTCTGATCTGTCCTAATTACTGCTGTCTTATTACTCTTATCACTCCCAGTACTAGCAGCAGGCATTACTATACTTTTAACAGACCGAAACCTTAACACCACATTCTTTGATCCCGCCGGAGGAGGGGACCCCATCTTATATCAACACTTATTT,Ametrida
ACATTGTACTTACTATTTGGTGCTTGAGCAGGAATAGTAGGTACCGCACTAAGCCTACTTATTCGTGCAGAACTTGGACAACCTGGGGCTCTATTAGGTGATGACCAAATCTATAATGTTATCGTTACAGCCCACGCTTTCGTAATGATTTTCTTTATAGTAATGCCCATCATGATTGGAGGGTTCGGCAACTGACTTGTACCCCTAATAATCGGCGCACCTGACATAGCATTCCCACGAATAAATAACATAAGCTTCTGACTTCTCCCACCCTCTTTCCTACTTCTACTGGCCTCCTCAACAGTTGAAGCTGGTGTTGGGACTGGTTGAACCGTATATCCACCACTAGCAGGAAATCTCGCACATGCTGGTGCTTCAGTCGACTTAGCTATCTTCTCCCTACACTTAGCAGGAGTCTCATCTATCCTCGGAGCTATCAATTTTATTACCACAATTATTAACATAAAACCACCAGCTCTTTCTCAATATCAAACACCTTTATTTGTCTGATCTGTCCTAATTACTGCTGTCTTATTACTCTTATCACTCCCAGTACTAGCAGCAGGCATTACTATACTTTTAACAGACCGAAACCTTAACACCACATTCTTTGATCCAGCCGGAGGAGGGGACCCCATTTTATATCAACACTTATTT,Ametrida
ACATTGTACTTACTATTTGGTGCTTGAGCAGGAATAGTAGGTACCGCACTAAGCCTACTTATTCGTGCAGAACTTGGACAACCTGGGGCTCTATTAGGTGATGACCAAATCTATAATGTTATCGTTACAGCCCACGCTTTCGTAATGATTTTCTTTATAGTAATGCCCATCATGATTGGAGGGTTCGGCAACTGACTTGTACCACTAATAATTGGCGCACCTGACATAGCATTCCCACGAATAAATAACATAAGCTTCTGACTTCTCCCACCCTCTTTTCTACTTCTACTGGCCTCCTCAACAGTTGAAGCTGGTGTTGGGACTGGTTGAACCGTATATCCACCACTAGCAGGAAATCTCGCACATGCTGGTGCTTCAGTCGACTTAGCTATCTTCTCCCTACACTTAGCAGGAGTCTCATCTATCCTCGGAGCTATCAATTTTATTACCACAATTATTAACATAAAACCACCAGCTCTTTCTCAATATCAAACACCTTTATTTGTCTGATCCGTCCTAATTACTGCTGTCTTATTACTCTTGTCACTCCCAGTACTAGCAGCAGGCATTACTATACTTTTAACAGACCGAAACCTTAACACTACATTCTTTGATCCAGCCGGAGGAGGGGACCCCATTTTATATCAACACTTATTT,Ametrida
ACATTGTACTTACTATTTGGTGCTTGAGCAGGAATAGTAGGTACCGCACTAAGCCTACTTATTCGTGCAGAACTTGGACAACCTGGGGCTCTATTAGGTGATGACCAAATCTATAATGTTATCGTTACGGCCCACGCTTTCGTAATGATTTTCTTTATAGTAATGCCCATCATGATTGGAGGGTTCGGCAACTGACTTGTACCACTAATAATCGGCGCACCTGACATAGCATTCCCACGAATAAATAACATAAGCTTCTGACTTCTCCCACCCTCTTTCCTACTTCTACTGGCCTCCTCAACAGTTGAAGCTGGTGTTGGGACTGGTTGAACCGTATATCCACCACTAGCAGGAAATCTCGCACATGCTGGTGCTTCAGTCGACTTAGCTATCTTCTCCCTACACTTAGCAGGAGTCTCATCTATCCTCGGAGCTATCAATTTTATTACCACAATTATTAACATAAAACCACCAGCTCTTTCTCAATATCAAACACCTTTATTTGTCTGATCTGTCCTAATTACTGCTGTCTTATTACTCTTATCACTCCCAGTACTAGCAGCAGGCATTACTATACTTTTAACAGACCGAAACCTTAACACCACATTCTTTGATCCAGCCGGAGGAGGGGACCCCATCTTATATCAACACTTATTT,Ametrida
ACATTGTACTTACTATTTGGTGCTTGAGCAGGAATAGTAGGTACCGCACTAAGCCTACTTATTCGTGCAGAACTTGGACAACCTGGGGCTCTATTAGGTGACGACCAAATCTATAATGTTATCGTTACAGCCCACGCTTTCGTAATGATTTTCTTTATAGTAATGCCCATCATGATTGGAGGGTTCGGCAACTGACTTGTACCACTAATAATTGGCGCACCTGACATAGCATTCCCACGAATAAATAACATAAGCTTCTGACTTCTCCCACCCTCTTTCCTACTTCTACTGGCCTCCTCAACAGTTGAAGCTGGTGTCGGGACTGGTTGAACCGTATACCCACCACTAGCAGGAAATCTCGCACATGCTGGTGCTTCAGTCGACTTAGCTATCTTCTCCCTACACTTAGCAGGAGTCTCATCTATCCTCGGAGCTATTAATTTTATTACCACAATTATTAACATAAAACCACCAGCTCTTTCTCAATATCAAACACCTTTATTTGTCTGATCCGTCCTAATTACTGCTGTCTTACTACTCTTATCACTCCCAGTACTAGCAGCAGGCATTACTATACTTTTAACAGACCGAAACCTTAACACCACATTCTTTGATCCAGCCGGAGGAGGGGACCCCATTTTATACCAACACTTATTT,Ametrida
ACATTGTACTTACTATTTGGCGCTTGAGCAGGAATAGTAGGTACCGCACTAAGCCTACTTATTCGTGCAGAACTTGGACAACCTGGGGCTCTATTAGGTGATGACCAAATCTATAATGTTATCGTTACAGCCCACGCTTTCGTAATAATTTTCTTTATAGTAATGCCCATCATGATTGGAGGGTTCGGCAACTGACTTGTACCACTAATAATTGGTGCACCTGACATAGCATTCCCACGAATAAATAACATAAGCTTCTGACTTCTCCCACCCTCTTTCCTACTTCTACTGGCCTCCTCAACAGTCGAAGCTGGTGTTGGGACTGGTTGAACCGTATATCCACCACTAGCAGGAAATCTCGCACATGCTGGTGCTTCAGTCGACTTAGCCATCTTCTCCCTACACTTAGCAGGAGTCTCATCTATCCTCGGAGCTATCAATTTTATTACCACAATTATTAACATAAAACCACCAGCTCTTTCTCAATATCAAACACCTTTATTTGTCTGATCCGTCCTAATCACTGCTGTCTTATTACTCCTATCACTCCCAGTACTAGCAGCAGGCATTACTATACTTTTAACAGACCGAAACCTTAACACCACATTCTTTGATCCAGCCGGAGGAGGGGACCCCATTTTATATCAACACTTATTT,Ametrida
ACATTGTACTTACTATTTGGCGCTTGAGCAGGAATAGTAGGTACCGCACTAAGCCTACTTATTCGTGCAGAACTTGGACAACCTGGGGCTCTATTAGGTGACGACCAAATCTATAATGTTATCGTTACAGCCCACGCTTTCGTAATGATTTTCTTTATAGTAATGCCCATCATGATTGGAGGGTTCGGCAACTGACTTGTACCACTAATAATCGGCGCACCTGACATAGCATTCCCACGAATAAATAACATAAGCTTCTGACTTCTCCCACCCTCTTTCCTACTTCTACTGGCCTCCTCAACAGTTGAAGCTGGTGTTGGGACTGGTTGAACCGTATATCCACCACTAGCAGGAAATCTCGCACATGCTGGTGCTTCAGTCGACTTAGCTATCTTCTCCCTACACTTAGCAGGAGTCTCATCTATCCTCGGAGCTATCAATTTTATTACCACAATTATTAACATAAAACCACCAGCTCTTTCTCAATATCAAACACCTTTATTTGTCTGATCTGTCCTAATTACTGCTGTCTTATTACTCTTATCACTCCCAGTACTAGCAGCAGGCATTACTATACTTTTAACAGACCGAAACCTTAACACCACATTCTTTGATCCCGCCGGAGGAGGGGACCCCATCTTATATCAACACTTATTT,Ametrida
ACATTGTACTTACTATTTGGTGCTTGAGCAGGAATAGTAGGTACCGCACTAAGCCTACTCATTCGTGCAGAACTTGGACAACCTGGGGCTCTATTAGGTGATGACCAAATCTATAATGTTATCGTTACAGCTCACGCTTTCGTAATGATTTTCTTTATAGTAATGCCCATCATGATTGGAGGGTTCGGCAACTGACTTGTACCACTAATAATTGGCGCACCTGACATAGCATTCCCACGAATAAATAACATAAGCTTCTGACTTCTCCCACCCTCCTTCCTACTTCTACTGGCCTCCTCAACAGTCGAAGCTGGTGTTGGGACTGGTTGAACCGTATATCCACCACTAGCAGGAAATCTCGCACATGCTGGTGCTTCAGTCGACTTAGCTATCTTCTCCCTACACTTAGCAGGAGTCTCATCTATCCTCGGAGCTATCAATTTTATTACCACAATTATTAACATAAAACCACCAGCTCTTTCTCAATATCAAACACCCTTATTTGTCTGATCCGTCCTAATTACTGCTGTCTTATTACTCTTATCACTTCCAGTACTAGCAGCAGGCATTACTATACTTTTAACAGACCGAAACCTTAACACCACATTCTTTGATCCAGCCGGAGGAGGGGACCCCATTTTATATCAACACTTATTT,Ametrida
ACATTGTACTTACTATTTGGTGCTTGAGCAGGAATAGTAGGTACCGCACTAAGCCTACTTATTCGTGCAGAACTTGGACAACCTGGGGCTCTATTAGGTGATGACCAAATCTATAATGTTATCGTTACAGCCCACGCTTTCGTAATGATTTTCTTTATAGTAATACCCATCATGATTGGGGGGTTCGGCAACTGACTTGTACCACTAATAATTGGCGCACCTGACATAGCATTCCCACGAATAAATAACATAAGCTTCTGACTTCTCCCACCCTCTTTCCTACTTCTACTGGCCTCCTCAACAGTCGAAGCTGGTGTTGGGACTGGTTGAACCGTATATCCACCACTAGCAGGAAATCTCGCACATGCTGGTGCTTCAGTCGACTTAGCTATCTTCTCCCTACACTTAGCAGGAGTCTCATCTATCCTCGGAGCTATCAATTTTATTACCACAATTATTAACATAAAACCACCAGCTCTTTCTCAATATCAAACACCTTTATTTGTCTGATCCGTCCTAATTACTGCTGTCTTATTACTCTTATCACTCCCAGTACTAGCAGCAGGCATTACTATACTTTTAACAGACCGAAACCTTAACACCACATTCTTTGATCCAGCCGGAGGAGGGGACCCCATTTTATATCAACACTTATTT,Ametrida
ACATTGTACTTACTATTTGGTGCTTGAGCAGGAATAGTAGGTACCGCACTAAGCCTACTTATTCGTGCAGAACTTGGACAGCCTGGGGCTCTATTAGGTGATGACCAAATCTATAATGTTATCGTTACAGCCCACGCTTTCGTAATGATTTTCTTTATAGTAATGCCCATCATAATTGGAGGGTTCGGCAACTGACTTGTACCGCTAATAATTGGCGCACCTGACATAGCATTCCCACGAATAAATAACATAAGCTTCTGACTTCTCCCACCCTCTTTCCTACTTCTACTGGCCTCCTCAACAGTTGAAGCTGGTGTTGGGACTGGTTGAACCGTATATCCACCACTAGCAGGAAATCTCGCACATGCTGGCGCTTCAGTCGACTTAGCTATCTTCTCCCTACACTTAGCAGGAGTCTCATCTATCCTCGGAGCTATCAATTTTATTACCACAATTATTAACATAAAACCACCAGCTCTTTCTCAATATCAAACACCTTTATTTGTCTGATCCGTCCTAATTACTGCTGTCTTATTACTCTTATCACTCCCAGTACTAGCAGCAGGCATTACTATACTTTTAACAGACCGAAACCTTAACACCACATTCTTTGACCCAGCCGGAGGAGGGGACCCCATTTTATATCAACACTTATTT,Ametrida
ACATTGTACTTACTATTTGGTGCTTGAGCAGGAATAGTAGGTACCGCACTAAGCCTACTTATTCGTGCAGAACTTGGGCAACCTGGGGCTCTATTAGGTGATGACCAAATCTATAATGTTATCGTTACAGCCCACGCTTTCGTAATGATTTTCTTTATAGTAATGCCCATCATGATTGGAGGGTTCGGCAACTGACTTGTACCACTAATAATTGGCGCACCTGACATAGCATTCCCACGAATAAATAACATAAGCTTCTGACTTCTCCCACCCTCTTTCCTACTTCTACTGGCCTCCTCAACAGTCGAAGCTGGTGTTGGGACTGGTTGAACCGTATATCCACCACTAGCAGGAAATCTCGCACATGCTGGTGCTTCAGTCGACTTAGCTATCTTCTCCCTACACTTAGCAGGAGTCTCATCTATCCTCGGAGCTATCAATTTTATTACCACAATTATTAACATAAAACCACCAGCTCTTTCTCAATATCAAACACCTTTATTTGTCTGATCCGTCCTAATTACTGCTGTCTTATTACTCTTATCACTCCCAGTACTAGCAGCAGGCATTACTATACTTTTAACAGACCGAAACCTTAACACCACATTCTTTGACCCAGCCGGAGGAGGGGACCCCATTTTATATCAACACTTATTT,Ametrida
ACATTGTACTTACTATTTGGTGCTTGAGCAGGAATAGTAGGTACCGCACTAAGCCTACTTATTCGTGCAGAACTTGGACAACCTGGGGCTCTATTAGGTGATGACCAAATCTATAATGTTATTGTTACAGCCCACGCTTTCGTAATGATTTTCTTTATAGTAATGCCCATCATGATTGGAGGGTTCGGCAACTGACTTGTACCACTAATAATTGGCGCACCTGACATAGCATTCCCACGAATAAATAACATAAGCTTCTGACTTCTCCCACCCTCTTTCCTACTTCTACTGGCCTCCTCAACAGTTGAAGCTGGTGTTGGGACTGGTTGAACCGTATATCCACCACTAGCAGGAAATCTCGCACATGCTGGTGCTTCAGTCGACTTAGCTATCTTCTCCCTACACTTAGCAGGAGTCTCATCTATCCTTGGAGCTATCAATTTTATTACCACAATTATTAACATAAAACCGCCAGCTCTTTCTCAATATCAAACACCTTTATTTGTCTGGTCCGTCCTAATTACTGCTGTCTTACTACTCTTATCACTCCCAGTACTAGCAGCAGGCATTACTATACTTTTAACAGACCGAAACCTTAACACCACATTCTTTGATCCAGCCGGAGGAGGGGACCCCATTTTATATCAACACTTATTT,Ametrida
ACATTGTACTTACTATTTGGTGCTTGAGCAGGAATAGTAGGTACCGCACTAAGCCTACTTATTCGTGCAGAACTTGGACAACCTGGGGCTCTATTAGGTGACGACCAAATCTATAATGTTATCGTTACAGCCCACGCTTTCGTAATGATTTTCTTTATAGTAATGCCCATCATGATTGGAGGGTTCGGCAACTGACTTGTACCACTAATAATTGGCGCACCTGACATAGCATTCCCACGAATAAATAACATAAGCTTCTGACTTCTCCCACCCTCTTTCCTACTTCTACTGGCCTCCTCAACAGTTGAAGCTGGTGTCGGGACTGGTTGAACAGTATATCCACCACTAGCAGGAAATCTCGCACATGCTGGTGCTTCAGTCGACTTAGCTATCTTCTCCCTACACTTAGCAGGAGTCTCATCTATCCTCGGAGCTATTAATTTTATTACCACAATTATTAACATAAAACCACCAGCTCTTTCTCAATATCAAACACCTTTATTTGTCTGATCCGTCCTAATTACTGCTGTCTTATTACTCTTATCACTCCCAGTACTAGCAGCAGGCATTACTATACTTTTAACAGACCGAAACCTTAACACCACATTCTTTGATCCAGCCGGAGGAGGGGACCCCATTTTATACCAACACTTATTT,Ametrida
ACATTGTACTTACTATTTGGTGCTTGAGCAGGAATAGTAGGTACCGCACTAAGCCTACTTATTCGTGCAGAACTTGGACAACCTGGGGCTCTATTAGGTGATGACCAAATCTATAATGTTATCGTTACAGCCCACGCTTTCGTAATGATTTTCTTTATAGTAATGCCCATCATGATTGGAGGGTTCGGCAACTGACTGGTGCCACTAATAATTGGCGCACCTGACATAGCATTCCCACGAATAAATAACATAAGCTTCTGACTTCTCCCACCCTCTTTCCTACTTCTACTGGCCTCCTCAACAGTCGAAGCTGGTGTTGGGACTGGTTGAACCGTATATCCACCACTAGCAGGAAATCTCGCACATGCTGGTGCTTCAGTCGACTTAGCTATCTTCTCCCTACACTTAGCAGGAGTCTCATCTATCCTCGGAGCTATCAATTTTATTACCACAATTATTAACATAAAACCACCAGCTCTTTCTCAATATCAAACACCTTTATTTGTCTGATCCGTCCTAATTACTGCCGTCTTATTACTCTTATCACTCCCAGTACTAGCAGCAGGCATTACTATACTTTTAACAGACCGAAACCTTAACACCACATTCTTTGACCCAGCCGGAGGAGGGGACCCCATTTTATATCAACACTTATTT,Ametrida
ACATTGTACTTACTATTTGGCGCTTGAGCAGGAATAGTAGGTACCGCACTAAGCCTACTTATTCGTGCAGAACTTGGACAACCTGGGGCTCTATTAGGTGATGACCAAATCTATAATGTTATCGTTACAGCCCACGCTTTCGTAATGATTTTCTTTATAGTAATGCCCATCATGATTGGAGGGTTCGGCAACTGACTTGTACCACTAATAATCGGCGCACCTGACATAGCATTCCCACGAATAAATAACATAAGCTTCTGACTTCTCCCACCCTCTTTCCTACTTCTACTGGCCTCCTCAACAGTTGAAGCTGGTGTTGGGACTGGTTGAACCGTATATCCACCACTAGCAGGAAATCTCGCACATGCTGGTGCTTCAGTCGACTTAGCTATCTTCTCCCTACACTTAGCAGGAGTCTCATCTATCCTCGGAGCTATCAATTTTATTACCACAATTATTAACATAAAACCACCAGCTCTTTCTCAATATCAAACACCTTTATTTGTCTGATCTGTCCTAATTACTGCTGTCTTATTACTCTTATCACTCCCAGTACTAGCAGCAGGCATTACTATACTTTTAACAGACCGAAACCTTAACACCACATTCTTTGATCCAGCCGGAGGAGGGGACCCCATCTTATATCAACACTTATTT,Ametrida
ACATTGTACTTACTATTTGGTGCTTGAGCAGGAATAGTAGGTACCGCACTAAGCCTACTTATTCGTGCAGAACTTGGACAACCCGGGGCTCTATTAGGCGACGACCAAATCTATAATGTTATCGTTACAGCCCACGCTTTCGTAATGATTTTCTTTATAGTAATGCCCATCATGATTGGAGGGTTCGGCAACTGACTTGTACCACTAATAATTGGCGCACCTGACATAGCATTCCCACGAATAAATAACATAAGCTTCTGACTTCTCCCACCCTCTTTCCTACTTCTACTGGCCTCCTCAACAGTTGAAGCTGGTGTCGGGACTGGTTGAACAGTATATCCACCACTAGCAGGAAATCTCGCACATGCTGGTGCTTCAGTCGACTTAGCTATCTTCTCCCTACACTTAGCAGGAGTCTCATCTATCCTCGGAGCTATTAATTTTATTACCACAATTATTAACATAAAACCACCAGCTCTTTCTCAATATCAAACACCTTTATTTGTCTGATCCGTCCTAATTACTGCTGTCTTATTACTCTTATCACTCCCAGTACTAGCAGCAGGCATTACTATACTTTTAACAGACCGAAACCTTAACACCACATTCTTTGATCCAGCCGGAGGAGGGGACCCCATTTTATACCAACACTTATTT,Ametrida
ACATTGTACTTACTATTTGGTGCTTGAGCAGGAATAGTAGGTACCGCACTAAGCCTACTTATTCGTGCAGAACTTGGACAACCTGGGGCTCTATTAGGTGATGACCAAATCTATAATGTTATCGTTACAGCCCACGCTTTCGTAATGATTTTCTTTATAGTAATACCCATCATGATTGGAGGGTTCGGCAACTGACTTGTACCACTAATAATTGGCGCACCTGACATAGCATTCCCACGAATAAATAACATAAGCTTCTGACTTCTCCCACCCTCTTTCCTGCTTCTACTGGCCTCCTCAACAGTCGAAGCTGGTGTTGGGACTGGTTGAACCGTATACCCACCACTAGCAGGAAATCTCGCGCATGCTGGTGCTTCAGTCGACTTAGCTATCTTCTCCCTACACTTAGCAGGAGTCTCATCTATCCTCGGAGCTATCAATTTTATTACCACAATTATTAACATAAAACCACCAGCTCTTTCTCAATATCAAACACCTTTATTTGTCTGATCCGTCCTAATTACTGCTGTCTTATTACTCTTATCACTCCCAGTACTAGCAGCAGGCATTACTATACTTTTAACAGACCGAAACCTTAACACCACATTTTTTGACCCAGCCGGAGGAGGGGACCCCATTTTATATCAACACTTATTT,Ametrida
ACATTGTACTTACTATTTGGTGCTTGAGCAGGAATAGTAGGTACCGCACTAAGCCTACTTATTCGTGCAGAACTTGGACAACCTGGGGCTCTATTAGGTGATGACCAAATCTATAATGTTATCGTTACAGCCCACGCTTTCGTAATGATTTTCTTTATAGTAATGCCCATCATGATTGGAGGGTTCGGCAACTGACTTGTACCACTAATAATTGGCGCACCTGACATAGCATTCCCACGAATAAATAACATAAGCTTCTGACTTCTCCCACCCTCTTTCCTACTTCTACTGGCCTCCTCAACAGTTGAAGCTGGTGTTGGGACTGGTTGAACCGTATATCCACCACTAGCAGGAAATCTCGCACATGCTGGTGCTTCAGTCGACTTAGCTATCTTCTCCCTACACTTAGCAGGAATCTCATCTATCCTCGGAGCTATCAATTTTATTACCACAATTATTAACATAAAACCACCAGCTCTTTCTCAATATCAAACACCTTTATTTGTCTGATCCGTCCTAATTACTGCTGTCTTACTACTCTTATCACTCCCAGTACTAGCAGCAGGCATTACTATACTTTTAACAGACCGAAACCTTAACACCACATTCTTTGATCCAGCCGGAGGAGGGGACCCCATTTTATATCAACACTTATTT,Ametrida
ACATTGTACTTACTATTTGGCGCTTGAGCAGGAATAGTAGGTACCGCACTAAGCCTACTTATTCGTGCAGAACTTGGACAACCTGGGGCTCTATTAGGTGATGACCAAATCTATAATGTTATCGTTACAGCCCACGCTTTCGTAATGATTTTCTTTATAGTAATGCCCATCATGATTGGAGGGTTCGGCAACTGACTTGTACCACTAATAATTGGCGCACCTGACATAGCATTCCCACGAATAAATAACATAAGCTTCTGACTTCTCCCACCCTCTTTCCTACTTCTACTGGCCTCCTCAACAGTTGAAGCTGGTGTTGGGACTGGTTGAACCGTATACCCACCACTAGCAGGAAATCTCGCACATGCTGGTGCTTCAGTCGACTTAGCCATCTTCTCCCTACACTTAGCAGGAGTCTCATCTATCCTCGGAGCTATCAATTTTATTACCACAATTATTAACATAAAACCACCAGCTCTTTCTCAATATCAAACACCTTTATTTGTCTGATCTGTCCTAATTACTGCTGTCTTATTACTCTTATCACTCCCAGTACTAGCAGCAGGCATTACTATACTTTTAACAGACCGAAACCTTAACACCACATTCTTTGATCCCGCCGGAGGAGGGGACCCCATCTTATATCAACACTTATTT,Ametrida
ACATTGTACTTACTATTTGGTGCTTGAGCAGGAATAGTAGGTACCGCACTAAGCCTACTTATTCGTGCAGAACTTGGACAACCTGGGGCTCTATTAGGTGATGACCAAATCTATAATGTTATCGTTACAGCCCACGCTTTCGTAATGATTTTCTTTATAGTAATGCCCATCATGATTGGGGGGTTCGGCAACTGACTTGTACCACTAATAATTGGCGCACCTGACATAGCATTCCCACGAATAAATAACATAAGCTTCTGACTTCTCCCACCCTCTTTCCTACTTCTATTGGCCTCCTCAACAGTCGAAGCTGGTGTTGGGACTGGTTGAACCGTATATCCACCACTAGCAGGAAATCTCGCACATGCTGGTGCTTCAGTTGACTTAGCTATCTTCTCCCTACACCTAGCAGGAGTCTCATCTATCCTCGGAGCTATCAATTTTATTACCACAATTATTAACATAAAACCACCAGCTCTTTCTCAATATCAAACACCTTTATTTGTCTGATCCGTCCTAATTACTGCTGTCTTATTACTCTTATCACTCCCAGTACTAGCAGCAGGCATTACTATACTTTTAACAGACCGAAACCTTAACACCACATTCTTTGATCCAGCCGGAGGAGGGGACCCCATTTTATATCAACACTTATTT,Ametrida
ACATTGTACTTACTATTTGGTGCTTGAGCAGGAATAGTAGGTACCGCACTAAGCCTACTTATTCGTGCAGAACTTGGACAACCTGGGGCTCTATTAGGTGATGACCAAATCTATAATGTTATCGTTACAGCCCACGCTTTCGTAATGATTTTCTTTATAGTAATGCCCATCATGATTGGAGGGTTCGGCAACTGACTTGTACCACTAATAATTGGCGCACCTGACATAGCATTCCCACGAATAAATAACATAAGCTTCTGACTTCTCCCACCCTCTTTCCTACTTCTACTGGCCTCCTCAACAGTTGAAGCTGGTGTTGGGACTGGCTGAACCGTATATCCACCACTAGCAGGAAATCTCGCACATGCTGGTGCTTCAGTCGACTTAGCTATCTTCTCCCTACACTTAGCAGGAGTCTCATCTATCCTCGGAGCTATCAATTTTATTACCACAATTATTAACATAAAACCACCAGCTCTTTCTCAATATCAAACACCTTTATTTGTCTGATCCGTCCTAATTACTGCTGTCTTACTACTCTTATCACTCCCAGTACTAGCAGCAGGCATTACTATACTTTTAACAGACCGAAACCTTAACACCACATTCTTTGATCCAGCCGGAGGAGGGGACCCCATTTTATATCAACACTTATTT,Ametrida
